epoch,loss,root_mean_squared_error,val_loss,val_root_mean_squared_error
0,2.764988660812378,1.662825345993042,2.6577372550964355,1.6302570104599
1,2.0411159992218018,1.4286763668060303,2.1708667278289795,1.4733860492706299
2,1.0629760026931763,1.031007170677185,0.8022792339324951,0.8957003355026245
3,0.7781745791435242,0.8821420669555664,0.7292077541351318,0.8539366126060486
4,0.7519491910934448,0.867150068283081,0.7319380044937134,0.8555336594581604
5,0.7069838047027588,0.840823233127594,0.6959555149078369,0.8342395424842834
